Brand,Title,Link,Rating,Reviews
Tracfone,Samsung Galaxy A12 32GB Prepaid - Black,/site/tracfone-samsung-galaxy-a12-32gb-prepaid-black/6477120.p?skuId=6477120,4.6,41
Motorola,Moto G 5G 2023 128GB (Unlocked) - Ink Blue,/site/motorola-moto-g-5g-2023-128gb-unlocked-ink-blue/6540584.p?skuId=6540584,3.7,11
Samsung,Galaxy S22 Ultra 128GB - Phantom Black (T-Mobile),/site/samsung-galaxy-s22-ultra-128gb-phantom-black-t-mobile/6472841.p?skuId=6472841,4.7,54
Google,Pixel 6a 128GB (Unlocked) - Charcoal,/site/google-pixel-6a-128gb-unlocked-charcoal/6509962.p?skuId=6509962,4.4,1316
Google,Pixel 7 128GB (Unlocked) - Obsidian,/site/google-pixel-7-128gb-unlocked-obsidian/6519950.p?skuId=6519950,4.6,1378
Livelyâ„¢,Jitterbug Smart3 Smartphone for Seniors - Black,/site/lively-jitterbug-smart3-smartphone-for-seniors-black/6538310.p?skuId=6538310,4.2,925
Apple,Pre-Owned iPhone XR 64GB (Unlocked) - Black,/site/apple-pre-owned-iphone-xr-64gb-unlocked-black/6510040.p?skuId=6510040,4.2,1002
Apple,Pre-Owned iPhone SE (2020) 64GB (Unlocked) - Black,/site/apple-pre-owned-iphone-se-2020-64gb-unlocked-black/6519727.p?skuId=6519727,4.1,220
Apple,Pre-Owned iPhone 11 64GB (Unlocked) - Black,/site/apple-pre-owned-iphone-11-64gb-unlocked-black/6510048.p?skuId=6510048,4.1,308
Google,Pixel 7a 5G 128GB (Unlocked) - Charcoal,/site/google-pixel-7a-5g-128gb-unlocked-charcoal/6539915.p?skuId=6539915,4.6,198
Motorola,Moto G Pure 32GB Memory (Unlocked) - Deep Indigo,/site/motorola-moto-g-pure-32gb-memory-unlocked-deep-indigo/6476149.p?skuId=6476149,4.3,436
Apple,iPhone 13 5G 128GB (Unlocked) - Midnight,/site/apple-iphone-13-5g-128gb-unlocked-midnight/6417788.p?skuId=6417788,4.8,162
OnePlus,Nord N200 5G 64GB (Unlocked) - Blue Quantum,/site/oneplus-nord-n200-5g-64gb-unlocked-blue-quantum/6468089.p?skuId=6468089,4.1,430
Apple,Pre-Owned iPhone 11 Pro 64GB (Unlocked) - Space Gray,/site/apple-pre-owned-iphone-11-pro-64gb-unlocked-space-gray/6522698.p?skuId=6522698,3.9,107
Google,Pixel 6a 128GB - Chalk (T-Mobile),/site/google-pixel-6a-128gb-chalk-t-mobile/6510012.p?skuId=6510012,4.7,25
Google,Pixel 7 Pro 128GB (Unlocked) - Obsidian,/site/google-pixel-7-pro-128gb-unlocked-obsidian/6519915.p?skuId=6519915,4.6,991
OnePlus,Nord N30 5G 128GB (Unlocked),/site/oneplus-nord-n30-5g-128gb-unlocked/6543735.p?skuId=6543735,4.6,22
Samsung,Galaxy S21 FE 5G 128GB - Graphite (T-Mobile),/site/samsung-galaxy-s21-fe-5g-128gb-graphite-t-mobile/6472892.p?skuId=6472892,4.5,35
